/*  SET THE RIGHT CHARSET TO ALLOW SPECIAL CHARACTERS   */
SET NAMES utf8mb4;
SET CHARACTER SET utf8mb4;

/*  INSERT THE PUNISHMENT CATEGORIES   */
INSERT INTO `punishment_basetype` (`ID`,`DESCRIPTION`) VALUES (1,'CARCEL');
INSERT INTO `punishment_basetype` (`ID`,`DESCRIPTION`) VALUES (2,'BAN');
INSERT INTO `punishment_basetype` (`ID`,`DESCRIPTION`) VALUES (3,'ADVERTENCIA');
INSERT INTO `punishment_basetype` (`ID`,`DESCRIPTION`) VALUES (4,'UNBAN');
INSERT INTO `punishment_basetype` (`ID`,`DESCRIPTION`) VALUES (5,'RECORD');

/*  INSERT THE PUNISHMENT TYPES   */
INSERT INTO `punishment_type` (`ID`,`DESCRIPTION`,`BASE_TYPE`,`ENABLED`) VALUES (1,'UNBAN',4,0);
INSERT INTO `punishment_type` (`ID`,`DESCRIPTION`,`BASE_TYPE`,`ENABLED`) VALUES (2,'Ban permanente',2,1);
INSERT INTO `punishment_type` (`ID`,`DESCRIPTION`,`BASE_TYPE`,`ENABLED`) VALUES (3,'Carcel 0 minutos',1,1);
INSERT INTO `punishment_type` (`ID`,`DESCRIPTION`,`BASE_TYPE`,`ENABLED`) VALUES (4,'Ban por acumulación de carceles (ver penas)',2,0);
INSERT INTO `punishment_type` (`ID`,`DESCRIPTION`,`BASE_TYPE`,`ENABLED`) VALUES (20,'Uso de macros que no alteran intervalos',2,1);
INSERT INTO `punishment_type` (`ID`,`DESCRIPTION`,`BASE_TYPE`,`ENABLED`) VALUES (21,'Uso de macros que alteran intervalos',2,1);
INSERT INTO `punishment_type` (`ID`,`DESCRIPTION`,`BASE_TYPE`,`ENABLED`) VALUES (22,'Uso de programas externos',2,1);
INSERT INTO `punishment_type` (`ID`,`DESCRIPTION`,`BASE_TYPE`,`ENABLED`) VALUES (23,'Acomodar criaturas',2,1);
INSERT INTO `punishment_type` (`ID`,`DESCRIPTION`,`BASE_TYPE`,`ENABLED`) VALUES (24,'Acomodar ítems',2,1);
INSERT INTO `punishment_type` (`ID`,`DESCRIPTION`,`BASE_TYPE`,`ENABLED`) VALUES (25,'Saltar mapas',2,1);
INSERT INTO `punishment_type` (`ID`,`DESCRIPTION`,`BASE_TYPE`,`ENABLED`) VALUES (26,'Cerrar paralizado',2,1);
INSERT INTO `punishment_type` (`ID`,`DESCRIPTION`,`BASE_TYPE`,`ENABLED`) VALUES (27,'Modificación de gráficos de oscuro',2,1);
INSERT INTO `punishment_type` (`ID`,`DESCRIPTION`,`BASE_TYPE`,`ENABLED`) VALUES (28,'Modificación de gráficos de hechizos',2,1);
INSERT INTO `punishment_type` (`ID`,`DESCRIPTION`,`BASE_TYPE`,`ENABLED`) VALUES (29,'Modificación de gráficos de suelos/agua',2,1);
INSERT INTO `punishment_type` (`ID`,`DESCRIPTION`,`BASE_TYPE`,`ENABLED`) VALUES (30,'Doble Cliente',2,1);
INSERT INTO `punishment_type` (`ID`,`DESCRIPTION`,`BASE_TYPE`,`ENABLED`) VALUES (31,'Motivo de 7ma Cárcel',2,1);
INSERT INTO `punishment_type` (`ID`,`DESCRIPTION`,`BASE_TYPE`,`ENABLED`) VALUES (32,'Amenazas físicas',2,1);
INSERT INTO `punishment_type` (`ID`,`DESCRIPTION`,`BASE_TYPE`,`ENABLED`) VALUES (33,'Insultos xenofóbicos o de índole religiosa',2,1);
INSERT INTO `punishment_type` (`ID`,`DESCRIPTION`,`BASE_TYPE`,`ENABLED`) VALUES (34,'Insultos a miembro del Staff',2,1);
INSERT INTO `punishment_type` (`ID`,`DESCRIPTION`,`BASE_TYPE`,`ENABLED`) VALUES (35,'Interferencias al trabajo del staff',1,1);
INSERT INTO `punishment_type` (`ID`,`DESCRIPTION`,`BASE_TYPE`,`ENABLED`) VALUES (36,'Piquete',1,1);
INSERT INTO `punishment_type` (`ID`,`DESCRIPTION`,`BASE_TYPE`,`ENABLED`) VALUES (37,'Insultos y agresiones.',1,1);
INSERT INTO `punishment_type` (`ID`,`DESCRIPTION`,`BASE_TYPE`,`ENABLED`) VALUES (38,'Resucitar y matar reiteradas veces al enemigo.',1,1);
INSERT INTO `punishment_type` (`ID`,`DESCRIPTION`,`BASE_TYPE`,`ENABLED`) VALUES (39,'Tomar objetos de GMs o de intercambios ante éstos',1,1);
INSERT INTO `punishment_type` (`ID`,`DESCRIPTION`,`BASE_TYPE`,`ENABLED`) VALUES (40,'Robo de NPC de entrenamiento (Incluye curar criatu',1,1);
INSERT INTO `punishment_type` (`ID`,`DESCRIPTION`,`BASE_TYPE`,`ENABLED`) VALUES (41,'Mal uso del comando denunciar',1,1);
INSERT INTO `punishment_type` (`ID`,`DESCRIPTION`,`BASE_TYPE`,`ENABLED`) VALUES (42,'Utilizar el pj para ayudar a sumar Frags a otro',1,1);
INSERT INTO `punishment_type` (`ID`,`DESCRIPTION`,`BASE_TYPE`,`ENABLED`) VALUES (43,'Bloquear los tiles de sangre (espacios en zonas se',1,1);
INSERT INTO `punishment_type` (`ID`,`DESCRIPTION`,`BASE_TYPE`,`ENABLED`) VALUES (44,'Curar o tirar hechizos a personajes que se encuent',1,1);
INSERT INTO `punishment_type` (`ID`,`DESCRIPTION`,`BASE_TYPE`,`ENABLED`) VALUES (45,'Registro',5,1);
INSERT INTO `punishment_type` (`ID`,`DESCRIPTION`,`BASE_TYPE`,`ENABLED`) VALUES (46,'Advertencia',3,1);

/*  INSERT THE PUNISHMENT RULES  */
INSERT INTO `punishment_type_rules` (`ID`,`ID_PUNISHMENT_TYPE`,`PUNISHMENT_COUNT`,`PUNISHMENT_SEVERITY`,`ADD_BAN`,`ADD_JAIL`,`NEXT_PUNISHMENT_ID`) VALUES (1,1,0,0,0,0,0);
INSERT INTO `punishment_type_rules` (`ID`,`ID_PUNISHMENT_TYPE`,`PUNISHMENT_COUNT`,`PUNISHMENT_SEVERITY`,`ADD_BAN`,`ADD_JAIL`,`NEXT_PUNISHMENT_ID`) VALUES (2,2,9999,9999,0,0,0);
INSERT INTO `punishment_type_rules` (`ID`,`ID_PUNISHMENT_TYPE`,`PUNISHMENT_COUNT`,`PUNISHMENT_SEVERITY`,`ADD_BAN`,`ADD_JAIL`,`NEXT_PUNISHMENT_ID`) VALUES (3,3,0,0,0,0,0);
INSERT INTO `punishment_type_rules` (`ID`,`ID_PUNISHMENT_TYPE`,`PUNISHMENT_COUNT`,`PUNISHMENT_SEVERITY`,`ADD_BAN`,`ADD_JAIL`,`NEXT_PUNISHMENT_ID`) VALUES (4,4,0,0,0,0,0);
INSERT INTO `punishment_type_rules` (`ID`,`ID_PUNISHMENT_TYPE`,`PUNISHMENT_COUNT`,`PUNISHMENT_SEVERITY`,`ADD_BAN`,`ADD_JAIL`,`NEXT_PUNISHMENT_ID`) VALUES (5,20,1,120,0,0,0);
INSERT INTO `punishment_type_rules` (`ID`,`ID_PUNISHMENT_TYPE`,`PUNISHMENT_COUNT`,`PUNISHMENT_SEVERITY`,`ADD_BAN`,`ADD_JAIL`,`NEXT_PUNISHMENT_ID`) VALUES (6,20,9999,9999,0,0,0);
INSERT INTO `punishment_type_rules` (`ID`,`ID_PUNISHMENT_TYPE`,`PUNISHMENT_COUNT`,`PUNISHMENT_SEVERITY`,`ADD_BAN`,`ADD_JAIL`,`NEXT_PUNISHMENT_ID`) VALUES (7,21,9999,9999,0,0,0);
INSERT INTO `punishment_type_rules` (`ID`,`ID_PUNISHMENT_TYPE`,`PUNISHMENT_COUNT`,`PUNISHMENT_SEVERITY`,`ADD_BAN`,`ADD_JAIL`,`NEXT_PUNISHMENT_ID`) VALUES (8,22,9999,9999,0,0,0);
INSERT INTO `punishment_type_rules` (`ID`,`ID_PUNISHMENT_TYPE`,`PUNISHMENT_COUNT`,`PUNISHMENT_SEVERITY`,`ADD_BAN`,`ADD_JAIL`,`NEXT_PUNISHMENT_ID`) VALUES (9,23,1,15,0,0,0);
INSERT INTO `punishment_type_rules` (`ID`,`ID_PUNISHMENT_TYPE`,`PUNISHMENT_COUNT`,`PUNISHMENT_SEVERITY`,`ADD_BAN`,`ADD_JAIL`,`NEXT_PUNISHMENT_ID`) VALUES (10,23,2,30,0,0,0);
INSERT INTO `punishment_type_rules` (`ID`,`ID_PUNISHMENT_TYPE`,`PUNISHMENT_COUNT`,`PUNISHMENT_SEVERITY`,`ADD_BAN`,`ADD_JAIL`,`NEXT_PUNISHMENT_ID`) VALUES (11,23,9999,9999,0,0,0);
INSERT INTO `punishment_type_rules` (`ID`,`ID_PUNISHMENT_TYPE`,`PUNISHMENT_COUNT`,`PUNISHMENT_SEVERITY`,`ADD_BAN`,`ADD_JAIL`,`NEXT_PUNISHMENT_ID`) VALUES (12,24,1,15,0,0,0);
INSERT INTO `punishment_type_rules` (`ID`,`ID_PUNISHMENT_TYPE`,`PUNISHMENT_COUNT`,`PUNISHMENT_SEVERITY`,`ADD_BAN`,`ADD_JAIL`,`NEXT_PUNISHMENT_ID`) VALUES (13,24,2,30,0,0,0);
INSERT INTO `punishment_type_rules` (`ID`,`ID_PUNISHMENT_TYPE`,`PUNISHMENT_COUNT`,`PUNISHMENT_SEVERITY`,`ADD_BAN`,`ADD_JAIL`,`NEXT_PUNISHMENT_ID`) VALUES (14,24,9999,9999,0,0,0);
INSERT INTO `punishment_type_rules` (`ID`,`ID_PUNISHMENT_TYPE`,`PUNISHMENT_COUNT`,`PUNISHMENT_SEVERITY`,`ADD_BAN`,`ADD_JAIL`,`NEXT_PUNISHMENT_ID`) VALUES (15,25,1,15,0,0,0);
INSERT INTO `punishment_type_rules` (`ID`,`ID_PUNISHMENT_TYPE`,`PUNISHMENT_COUNT`,`PUNISHMENT_SEVERITY`,`ADD_BAN`,`ADD_JAIL`,`NEXT_PUNISHMENT_ID`) VALUES (16,25,2,30,0,0,0);
INSERT INTO `punishment_type_rules` (`ID`,`ID_PUNISHMENT_TYPE`,`PUNISHMENT_COUNT`,`PUNISHMENT_SEVERITY`,`ADD_BAN`,`ADD_JAIL`,`NEXT_PUNISHMENT_ID`) VALUES (17,25,9999,9999,0,0,0);
INSERT INTO `punishment_type_rules` (`ID`,`ID_PUNISHMENT_TYPE`,`PUNISHMENT_COUNT`,`PUNISHMENT_SEVERITY`,`ADD_BAN`,`ADD_JAIL`,`NEXT_PUNISHMENT_ID`) VALUES (18,26,1,15,0,0,0);
INSERT INTO `punishment_type_rules` (`ID`,`ID_PUNISHMENT_TYPE`,`PUNISHMENT_COUNT`,`PUNISHMENT_SEVERITY`,`ADD_BAN`,`ADD_JAIL`,`NEXT_PUNISHMENT_ID`) VALUES (19,26,2,30,0,0,0);
INSERT INTO `punishment_type_rules` (`ID`,`ID_PUNISHMENT_TYPE`,`PUNISHMENT_COUNT`,`PUNISHMENT_SEVERITY`,`ADD_BAN`,`ADD_JAIL`,`NEXT_PUNISHMENT_ID`) VALUES (20,26,9999,9999,0,0,0);
INSERT INTO `punishment_type_rules` (`ID`,`ID_PUNISHMENT_TYPE`,`PUNISHMENT_COUNT`,`PUNISHMENT_SEVERITY`,`ADD_BAN`,`ADD_JAIL`,`NEXT_PUNISHMENT_ID`) VALUES (21,27,9999,9999,0,0,0);
INSERT INTO `punishment_type_rules` (`ID`,`ID_PUNISHMENT_TYPE`,`PUNISHMENT_COUNT`,`PUNISHMENT_SEVERITY`,`ADD_BAN`,`ADD_JAIL`,`NEXT_PUNISHMENT_ID`) VALUES (22,28,9999,9999,0,0,0);
INSERT INTO `punishment_type_rules` (`ID`,`ID_PUNISHMENT_TYPE`,`PUNISHMENT_COUNT`,`PUNISHMENT_SEVERITY`,`ADD_BAN`,`ADD_JAIL`,`NEXT_PUNISHMENT_ID`) VALUES (23,29,9999,9999,0,0,0);
INSERT INTO `punishment_type_rules` (`ID`,`ID_PUNISHMENT_TYPE`,`PUNISHMENT_COUNT`,`PUNISHMENT_SEVERITY`,`ADD_BAN`,`ADD_JAIL`,`NEXT_PUNISHMENT_ID`) VALUES (24,30,1,30,0,0,0);
INSERT INTO `punishment_type_rules` (`ID`,`ID_PUNISHMENT_TYPE`,`PUNISHMENT_COUNT`,`PUNISHMENT_SEVERITY`,`ADD_BAN`,`ADD_JAIL`,`NEXT_PUNISHMENT_ID`) VALUES (25,30,2,60,0,0,0);
INSERT INTO `punishment_type_rules` (`ID`,`ID_PUNISHMENT_TYPE`,`PUNISHMENT_COUNT`,`PUNISHMENT_SEVERITY`,`ADD_BAN`,`ADD_JAIL`,`NEXT_PUNISHMENT_ID`) VALUES (26,30,9999,9999,0,0,0);
INSERT INTO `punishment_type_rules` (`ID`,`ID_PUNISHMENT_TYPE`,`PUNISHMENT_COUNT`,`PUNISHMENT_SEVERITY`,`ADD_BAN`,`ADD_JAIL`,`NEXT_PUNISHMENT_ID`) VALUES (27,31,9999,9999,0,0,0);
INSERT INTO `punishment_type_rules` (`ID`,`ID_PUNISHMENT_TYPE`,`PUNISHMENT_COUNT`,`PUNISHMENT_SEVERITY`,`ADD_BAN`,`ADD_JAIL`,`NEXT_PUNISHMENT_ID`) VALUES (28,32,1,30,0,0,0);
INSERT INTO `punishment_type_rules` (`ID`,`ID_PUNISHMENT_TYPE`,`PUNISHMENT_COUNT`,`PUNISHMENT_SEVERITY`,`ADD_BAN`,`ADD_JAIL`,`NEXT_PUNISHMENT_ID`) VALUES (29,32,9999,9999,0,0,0);
INSERT INTO `punishment_type_rules` (`ID`,`ID_PUNISHMENT_TYPE`,`PUNISHMENT_COUNT`,`PUNISHMENT_SEVERITY`,`ADD_BAN`,`ADD_JAIL`,`NEXT_PUNISHMENT_ID`) VALUES (30,33,1,30,0,0,0);
INSERT INTO `punishment_type_rules` (`ID`,`ID_PUNISHMENT_TYPE`,`PUNISHMENT_COUNT`,`PUNISHMENT_SEVERITY`,`ADD_BAN`,`ADD_JAIL`,`NEXT_PUNISHMENT_ID`) VALUES (31,33,9999,9999,0,0,0);
INSERT INTO `punishment_type_rules` (`ID`,`ID_PUNISHMENT_TYPE`,`PUNISHMENT_COUNT`,`PUNISHMENT_SEVERITY`,`ADD_BAN`,`ADD_JAIL`,`NEXT_PUNISHMENT_ID`) VALUES (32,34,1,30,0,0,0);
INSERT INTO `punishment_type_rules` (`ID`,`ID_PUNISHMENT_TYPE`,`PUNISHMENT_COUNT`,`PUNISHMENT_SEVERITY`,`ADD_BAN`,`ADD_JAIL`,`NEXT_PUNISHMENT_ID`) VALUES (33,34,9999,9999,0,0,0);
INSERT INTO `punishment_type_rules` (`ID`,`ID_PUNISHMENT_TYPE`,`PUNISHMENT_COUNT`,`PUNISHMENT_SEVERITY`,`ADD_BAN`,`ADD_JAIL`,`NEXT_PUNISHMENT_ID`) VALUES (34,35,2,30,0,0,0);
INSERT INTO `punishment_type_rules` (`ID`,`ID_PUNISHMENT_TYPE`,`PUNISHMENT_COUNT`,`PUNISHMENT_SEVERITY`,`ADD_BAN`,`ADD_JAIL`,`NEXT_PUNISHMENT_ID`) VALUES (35,35,4,60,0,0,0);
INSERT INTO `punishment_type_rules` (`ID`,`ID_PUNISHMENT_TYPE`,`PUNISHMENT_COUNT`,`PUNISHMENT_SEVERITY`,`ADD_BAN`,`ADD_JAIL`,`NEXT_PUNISHMENT_ID`) VALUES (36,35,5,30,1,0,0);
INSERT INTO `punishment_type_rules` (`ID`,`ID_PUNISHMENT_TYPE`,`PUNISHMENT_COUNT`,`PUNISHMENT_SEVERITY`,`ADD_BAN`,`ADD_JAIL`,`NEXT_PUNISHMENT_ID`) VALUES (37,35,6,60,1,0,0);
INSERT INTO `punishment_type_rules` (`ID`,`ID_PUNISHMENT_TYPE`,`PUNISHMENT_COUNT`,`PUNISHMENT_SEVERITY`,`ADD_BAN`,`ADD_JAIL`,`NEXT_PUNISHMENT_ID`) VALUES (38,35,9999,9999,0,0,0);
INSERT INTO `punishment_type_rules` (`ID`,`ID_PUNISHMENT_TYPE`,`PUNISHMENT_COUNT`,`PUNISHMENT_SEVERITY`,`ADD_BAN`,`ADD_JAIL`,`NEXT_PUNISHMENT_ID`) VALUES (39,36,2,30,0,0,0);
INSERT INTO `punishment_type_rules` (`ID`,`ID_PUNISHMENT_TYPE`,`PUNISHMENT_COUNT`,`PUNISHMENT_SEVERITY`,`ADD_BAN`,`ADD_JAIL`,`NEXT_PUNISHMENT_ID`) VALUES (40,36,4,60,0,0,0);
INSERT INTO `punishment_type_rules` (`ID`,`ID_PUNISHMENT_TYPE`,`PUNISHMENT_COUNT`,`PUNISHMENT_SEVERITY`,`ADD_BAN`,`ADD_JAIL`,`NEXT_PUNISHMENT_ID`) VALUES (41,36,5,30,1,0,4);
INSERT INTO `punishment_type_rules` (`ID`,`ID_PUNISHMENT_TYPE`,`PUNISHMENT_COUNT`,`PUNISHMENT_SEVERITY`,`ADD_BAN`,`ADD_JAIL`,`NEXT_PUNISHMENT_ID`) VALUES (42,36,6,60,1,0,4);
INSERT INTO `punishment_type_rules` (`ID`,`ID_PUNISHMENT_TYPE`,`PUNISHMENT_COUNT`,`PUNISHMENT_SEVERITY`,`ADD_BAN`,`ADD_JAIL`,`NEXT_PUNISHMENT_ID`) VALUES (43,36,9999,9999,0,0,2);
INSERT INTO `punishment_type_rules` (`ID`,`ID_PUNISHMENT_TYPE`,`PUNISHMENT_COUNT`,`PUNISHMENT_SEVERITY`,`ADD_BAN`,`ADD_JAIL`,`NEXT_PUNISHMENT_ID`) VALUES (44,37,2,30,0,0,0);
INSERT INTO `punishment_type_rules` (`ID`,`ID_PUNISHMENT_TYPE`,`PUNISHMENT_COUNT`,`PUNISHMENT_SEVERITY`,`ADD_BAN`,`ADD_JAIL`,`NEXT_PUNISHMENT_ID`) VALUES (45,37,4,60,0,0,0);
INSERT INTO `punishment_type_rules` (`ID`,`ID_PUNISHMENT_TYPE`,`PUNISHMENT_COUNT`,`PUNISHMENT_SEVERITY`,`ADD_BAN`,`ADD_JAIL`,`NEXT_PUNISHMENT_ID`) VALUES (46,37,5,30,1,0,4);
INSERT INTO `punishment_type_rules` (`ID`,`ID_PUNISHMENT_TYPE`,`PUNISHMENT_COUNT`,`PUNISHMENT_SEVERITY`,`ADD_BAN`,`ADD_JAIL`,`NEXT_PUNISHMENT_ID`) VALUES (47,37,6,60,1,0,4);
INSERT INTO `punishment_type_rules` (`ID`,`ID_PUNISHMENT_TYPE`,`PUNISHMENT_COUNT`,`PUNISHMENT_SEVERITY`,`ADD_BAN`,`ADD_JAIL`,`NEXT_PUNISHMENT_ID`) VALUES (48,37,9999,9999,0,0,2);
INSERT INTO `punishment_type_rules` (`ID`,`ID_PUNISHMENT_TYPE`,`PUNISHMENT_COUNT`,`PUNISHMENT_SEVERITY`,`ADD_BAN`,`ADD_JAIL`,`NEXT_PUNISHMENT_ID`) VALUES (49,38,2,30,0,0,0);
INSERT INTO `punishment_type_rules` (`ID`,`ID_PUNISHMENT_TYPE`,`PUNISHMENT_COUNT`,`PUNISHMENT_SEVERITY`,`ADD_BAN`,`ADD_JAIL`,`NEXT_PUNISHMENT_ID`) VALUES (50,38,4,60,0,0,0);
INSERT INTO `punishment_type_rules` (`ID`,`ID_PUNISHMENT_TYPE`,`PUNISHMENT_COUNT`,`PUNISHMENT_SEVERITY`,`ADD_BAN`,`ADD_JAIL`,`NEXT_PUNISHMENT_ID`) VALUES (51,38,5,30,1,0,4);
INSERT INTO `punishment_type_rules` (`ID`,`ID_PUNISHMENT_TYPE`,`PUNISHMENT_COUNT`,`PUNISHMENT_SEVERITY`,`ADD_BAN`,`ADD_JAIL`,`NEXT_PUNISHMENT_ID`) VALUES (52,38,6,60,1,0,4);
INSERT INTO `punishment_type_rules` (`ID`,`ID_PUNISHMENT_TYPE`,`PUNISHMENT_COUNT`,`PUNISHMENT_SEVERITY`,`ADD_BAN`,`ADD_JAIL`,`NEXT_PUNISHMENT_ID`) VALUES (53,38,9999,9999,0,0,2);
INSERT INTO `punishment_type_rules` (`ID`,`ID_PUNISHMENT_TYPE`,`PUNISHMENT_COUNT`,`PUNISHMENT_SEVERITY`,`ADD_BAN`,`ADD_JAIL`,`NEXT_PUNISHMENT_ID`) VALUES (54,39,2,30,0,0,0);
INSERT INTO `punishment_type_rules` (`ID`,`ID_PUNISHMENT_TYPE`,`PUNISHMENT_COUNT`,`PUNISHMENT_SEVERITY`,`ADD_BAN`,`ADD_JAIL`,`NEXT_PUNISHMENT_ID`) VALUES (55,39,4,60,0,0,0);
INSERT INTO `punishment_type_rules` (`ID`,`ID_PUNISHMENT_TYPE`,`PUNISHMENT_COUNT`,`PUNISHMENT_SEVERITY`,`ADD_BAN`,`ADD_JAIL`,`NEXT_PUNISHMENT_ID`) VALUES (56,39,5,30,1,0,4);
INSERT INTO `punishment_type_rules` (`ID`,`ID_PUNISHMENT_TYPE`,`PUNISHMENT_COUNT`,`PUNISHMENT_SEVERITY`,`ADD_BAN`,`ADD_JAIL`,`NEXT_PUNISHMENT_ID`) VALUES (57,39,6,60,1,0,4);
INSERT INTO `punishment_type_rules` (`ID`,`ID_PUNISHMENT_TYPE`,`PUNISHMENT_COUNT`,`PUNISHMENT_SEVERITY`,`ADD_BAN`,`ADD_JAIL`,`NEXT_PUNISHMENT_ID`) VALUES (58,39,9999,9999,0,0,2);
INSERT INTO `punishment_type_rules` (`ID`,`ID_PUNISHMENT_TYPE`,`PUNISHMENT_COUNT`,`PUNISHMENT_SEVERITY`,`ADD_BAN`,`ADD_JAIL`,`NEXT_PUNISHMENT_ID`) VALUES (59,40,2,30,0,0,0);
INSERT INTO `punishment_type_rules` (`ID`,`ID_PUNISHMENT_TYPE`,`PUNISHMENT_COUNT`,`PUNISHMENT_SEVERITY`,`ADD_BAN`,`ADD_JAIL`,`NEXT_PUNISHMENT_ID`) VALUES (60,40,4,60,0,0,0);
INSERT INTO `punishment_type_rules` (`ID`,`ID_PUNISHMENT_TYPE`,`PUNISHMENT_COUNT`,`PUNISHMENT_SEVERITY`,`ADD_BAN`,`ADD_JAIL`,`NEXT_PUNISHMENT_ID`) VALUES (61,40,5,30,1,0,4);
INSERT INTO `punishment_type_rules` (`ID`,`ID_PUNISHMENT_TYPE`,`PUNISHMENT_COUNT`,`PUNISHMENT_SEVERITY`,`ADD_BAN`,`ADD_JAIL`,`NEXT_PUNISHMENT_ID`) VALUES (62,40,6,60,1,0,4);
INSERT INTO `punishment_type_rules` (`ID`,`ID_PUNISHMENT_TYPE`,`PUNISHMENT_COUNT`,`PUNISHMENT_SEVERITY`,`ADD_BAN`,`ADD_JAIL`,`NEXT_PUNISHMENT_ID`) VALUES (63,40,9999,9999,0,0,2);
INSERT INTO `punishment_type_rules` (`ID`,`ID_PUNISHMENT_TYPE`,`PUNISHMENT_COUNT`,`PUNISHMENT_SEVERITY`,`ADD_BAN`,`ADD_JAIL`,`NEXT_PUNISHMENT_ID`) VALUES (64,41,2,30,0,0,0);
INSERT INTO `punishment_type_rules` (`ID`,`ID_PUNISHMENT_TYPE`,`PUNISHMENT_COUNT`,`PUNISHMENT_SEVERITY`,`ADD_BAN`,`ADD_JAIL`,`NEXT_PUNISHMENT_ID`) VALUES (65,41,4,60,0,0,0);
INSERT INTO `punishment_type_rules` (`ID`,`ID_PUNISHMENT_TYPE`,`PUNISHMENT_COUNT`,`PUNISHMENT_SEVERITY`,`ADD_BAN`,`ADD_JAIL`,`NEXT_PUNISHMENT_ID`) VALUES (66,41,5,30,1,0,4);
INSERT INTO `punishment_type_rules` (`ID`,`ID_PUNISHMENT_TYPE`,`PUNISHMENT_COUNT`,`PUNISHMENT_SEVERITY`,`ADD_BAN`,`ADD_JAIL`,`NEXT_PUNISHMENT_ID`) VALUES (67,41,6,60,1,0,4);
INSERT INTO `punishment_type_rules` (`ID`,`ID_PUNISHMENT_TYPE`,`PUNISHMENT_COUNT`,`PUNISHMENT_SEVERITY`,`ADD_BAN`,`ADD_JAIL`,`NEXT_PUNISHMENT_ID`) VALUES (68,41,9999,9999,0,0,2);
INSERT INTO `punishment_type_rules` (`ID`,`ID_PUNISHMENT_TYPE`,`PUNISHMENT_COUNT`,`PUNISHMENT_SEVERITY`,`ADD_BAN`,`ADD_JAIL`,`NEXT_PUNISHMENT_ID`) VALUES (69,42,2,30,0,0,0);
INSERT INTO `punishment_type_rules` (`ID`,`ID_PUNISHMENT_TYPE`,`PUNISHMENT_COUNT`,`PUNISHMENT_SEVERITY`,`ADD_BAN`,`ADD_JAIL`,`NEXT_PUNISHMENT_ID`) VALUES (70,42,4,60,0,0,0);
INSERT INTO `punishment_type_rules` (`ID`,`ID_PUNISHMENT_TYPE`,`PUNISHMENT_COUNT`,`PUNISHMENT_SEVERITY`,`ADD_BAN`,`ADD_JAIL`,`NEXT_PUNISHMENT_ID`) VALUES (71,42,5,30,1,0,4);
INSERT INTO `punishment_type_rules` (`ID`,`ID_PUNISHMENT_TYPE`,`PUNISHMENT_COUNT`,`PUNISHMENT_SEVERITY`,`ADD_BAN`,`ADD_JAIL`,`NEXT_PUNISHMENT_ID`) VALUES (72,42,6,60,1,0,4);
INSERT INTO `punishment_type_rules` (`ID`,`ID_PUNISHMENT_TYPE`,`PUNISHMENT_COUNT`,`PUNISHMENT_SEVERITY`,`ADD_BAN`,`ADD_JAIL`,`NEXT_PUNISHMENT_ID`) VALUES (73,42,9999,9999,0,0,2);
INSERT INTO `punishment_type_rules` (`ID`,`ID_PUNISHMENT_TYPE`,`PUNISHMENT_COUNT`,`PUNISHMENT_SEVERITY`,`ADD_BAN`,`ADD_JAIL`,`NEXT_PUNISHMENT_ID`) VALUES (74,43,2,30,0,0,0);
INSERT INTO `punishment_type_rules` (`ID`,`ID_PUNISHMENT_TYPE`,`PUNISHMENT_COUNT`,`PUNISHMENT_SEVERITY`,`ADD_BAN`,`ADD_JAIL`,`NEXT_PUNISHMENT_ID`) VALUES (75,43,4,60,0,0,0);
INSERT INTO `punishment_type_rules` (`ID`,`ID_PUNISHMENT_TYPE`,`PUNISHMENT_COUNT`,`PUNISHMENT_SEVERITY`,`ADD_BAN`,`ADD_JAIL`,`NEXT_PUNISHMENT_ID`) VALUES (76,43,5,30,1,0,4);
INSERT INTO `punishment_type_rules` (`ID`,`ID_PUNISHMENT_TYPE`,`PUNISHMENT_COUNT`,`PUNISHMENT_SEVERITY`,`ADD_BAN`,`ADD_JAIL`,`NEXT_PUNISHMENT_ID`) VALUES (77,43,6,60,1,0,4);
INSERT INTO `punishment_type_rules` (`ID`,`ID_PUNISHMENT_TYPE`,`PUNISHMENT_COUNT`,`PUNISHMENT_SEVERITY`,`ADD_BAN`,`ADD_JAIL`,`NEXT_PUNISHMENT_ID`) VALUES (78,43,9999,9999,0,0,2);
INSERT INTO `punishment_type_rules` (`ID`,`ID_PUNISHMENT_TYPE`,`PUNISHMENT_COUNT`,`PUNISHMENT_SEVERITY`,`ADD_BAN`,`ADD_JAIL`,`NEXT_PUNISHMENT_ID`) VALUES (79,44,2,30,0,0,0);
INSERT INTO `punishment_type_rules` (`ID`,`ID_PUNISHMENT_TYPE`,`PUNISHMENT_COUNT`,`PUNISHMENT_SEVERITY`,`ADD_BAN`,`ADD_JAIL`,`NEXT_PUNISHMENT_ID`) VALUES (80,44,4,60,0,0,0);
INSERT INTO `punishment_type_rules` (`ID`,`ID_PUNISHMENT_TYPE`,`PUNISHMENT_COUNT`,`PUNISHMENT_SEVERITY`,`ADD_BAN`,`ADD_JAIL`,`NEXT_PUNISHMENT_ID`) VALUES (81,44,5,30,1,0,4);
INSERT INTO `punishment_type_rules` (`ID`,`ID_PUNISHMENT_TYPE`,`PUNISHMENT_COUNT`,`PUNISHMENT_SEVERITY`,`ADD_BAN`,`ADD_JAIL`,`NEXT_PUNISHMENT_ID`) VALUES (82,44,6,60,1,0,4);
INSERT INTO `punishment_type_rules` (`ID`,`ID_PUNISHMENT_TYPE`,`PUNISHMENT_COUNT`,`PUNISHMENT_SEVERITY`,`ADD_BAN`,`ADD_JAIL`,`NEXT_PUNISHMENT_ID`) VALUES (83,44,9999,9999,1,0,2);
INSERT INTO `punishment_type_rules` (`ID`,`ID_PUNISHMENT_TYPE`,`PUNISHMENT_COUNT`,`PUNISHMENT_SEVERITY`,`ADD_BAN`,`ADD_JAIL`,`NEXT_PUNISHMENT_ID`) VALUES (84,45,0,0,0,0,0);

/* INSERT GUILDS DEFAULT ROLES */
INSERT INTO `GUILD_ROLE` (`ROLE_NAME`, `DELETABLE`) 
VALUES 
('Líder', 0),
('Mano Derecha', 0);

/* INSERT THE GUILD PERMISSIONS */
INSERT INTO GUILD_PERMISSION
( `KEY`, PERMISSION_NAME)
VALUES
("EDIT_GUILD_DESC", "Modificar descripción del clan."),
("RIGHT_HAND_ASSIGN", "Asignar un personaje al rol Mano Derecha."),
("ROLE_ASSIGN", "Asignar un rol a cada personaje."),
("ROLE_CREATE_DELETE", "Crear o eliminar un rol del clan."),
("ROLE_MODIFY", "Modificar un rol del clan."),
("BANK_DEPOSIT_ITEM", "Depositar items en la bóveda de clan."),
("BANK_WITHDRAW_ITEM", "Retirar items de la bóveda de clan."),
("BANK_DEPOSIT_GOLD", "Depositar oro en la bóveda del clan."),
("BANK_WITHDRAW_GOLD", "Retirar oro en la bóveda del clan."),
("MEMBER_ACCEPT", "Aceptar y rechazar solicitudes de miembros."),
("MEMBER_KICK", "Expulsar miembros.");

INSERT INTO `GUILD_ROLE_PERMISSION` (`ID_ROLE`, `ID_PERMISSION`)
VALUES
(1, 1),
(1, 2),
(1, 3),
(1, 4),
(1, 5),
(1, 6),
(1, 7),
(1, 8),
(1, 9),
(1, 10),
(1, 11),
(2, 3),
(2, 4),
(2, 5),
(2, 6),
(2, 7),
(2, 8),
(2, 9),
(2, 10),
(2, 11);

/* INSERT QUEST REQUIREMENTS */
INSERT INTO QUEST_REQUIREMENT
( ID_QUEST_REQUIREMENT, `KEY`)
VALUES
(1, "NPC"),
(2, "OBJ"),
(3, "FRAG_NEUTRAL"),
(4, "FRAG_CIUDADANO"),
(5, "FRAG_CRIMINAL"),
(6, "FRAG_ARMADA"),
(7, "FRAG_LEGION");